{
  "head_scores": {
    "16_1": 0.011452021756893638,
    "16_10": 0.005987521417047503,
    "16_12": 0.004340522835160954,
    "16_2": 0.005365762684530928,
    "16_3": 0.00946631663600428,
    "16_4": 0.004539388201120431,
    "16_5": 0.0026508069128752254,
    "16_6": 0.003900917523477432,
    "16_7": 0.0033784011590412,
    "16_9": 0.009047532143402037,
    "17_10": 0.0043752177659528435,
    "17_13": 0.003192478619133965,
    "17_4": 0.002601875643412299,
    "17_5": 0.0035614845969794695,
    "17_6": 0.0027447737857931587,
    "17_7": 0.002937070498096439,
    "17_8": 0.004010146512250401,
    "17_9": 0.0032293180194546967,
    "18_0": 0.0033885148410810473,
    "18_1": 0.003777492423369111,
    "18_12": 0.0026298458492385324,
    "18_13": 0.0036908236009551842,
    "18_2": 0.005261669365277832,
    "18_3": 0.005490884794717488,
    "18_6": 0.002551480095213776,
    "18_7": 0.003993487589198708,
    "18_9": 0.003027200878564784,
    "19_1": 0.002972251423399186,
    "19_13": 0.005270192430987919,
    "19_2": 0.008334350731991513,
    "19_3": 0.0028965816137329625,
    "19_8": 0.004819466879958156,
    "19_9": 0.005215351300037696,
    "20_10": 0.0032703942502472216,
    "20_11": 0.006403971514615137,
    "20_12": 0.0034149006668364734,
    "20_13": 0.003190652001388017,
    "20_7": 0.003731636674417338,
    "20_8": 0.002834248438660314,
    "21_1": 0.0035980276405673806,
    "21_10": 0.0033321284814515906,
    "21_11": 0.005148893754835626,
    "21_13": 0.003390018162741981,
    "21_2": 0.002830774224790389,
    "21_4": 0.0026977353433537132,
    "21_5": 0.002911039359024148,
    "21_7": 0.004171960021573717,
    "21_9": 0.010718428885837739
  },
  "num_selected": 48,
  "retrieval_heads": [
    [
      16,
      1
    ],
    [
      21,
      9
    ],
    [
      16,
      3
    ],
    [
      16,
      9
    ],
    [
      19,
      2
    ],
    [
      20,
      11
    ],
    [
      16,
      10
    ],
    [
      18,
      3
    ],
    [
      16,
      2
    ],
    [
      19,
      13
    ],
    [
      18,
      2
    ],
    [
      19,
      9
    ],
    [
      21,
      11
    ],
    [
      19,
      8
    ],
    [
      16,
      4
    ],
    [
      17,
      10
    ],
    [
      16,
      12
    ],
    [
      21,
      7
    ],
    [
      17,
      8
    ],
    [
      18,
      7
    ],
    [
      16,
      6
    ],
    [
      18,
      1
    ],
    [
      20,
      7
    ],
    [
      18,
      13
    ],
    [
      21,
      1
    ],
    [
      17,
      5
    ],
    [
      20,
      12
    ],
    [
      21,
      13
    ],
    [
      18,
      0
    ],
    [
      16,
      7
    ],
    [
      21,
      10
    ],
    [
      20,
      10
    ],
    [
      17,
      9
    ],
    [
      17,
      13
    ],
    [
      20,
      13
    ],
    [
      18,
      9
    ],
    [
      19,
      1
    ],
    [
      17,
      7
    ],
    [
      21,
      5
    ],
    [
      19,
      3
    ],
    [
      20,
      8
    ],
    [
      21,
      2
    ],
    [
      17,
      6
    ],
    [
      21,
      4
    ],
    [
      16,
      5
    ],
    [
      18,
      12
    ],
    [
      17,
      4
    ],
    [
      18,
      6
    ]
  ],
  "selection": "top48_by_head_scores",
  "source": "hpc3-n:/data/user/xnie012/pythonprojects/lgar/runs/ablate_full_20260531_131608/ablation_results.json"
}