{
  "head_scores": {
    "16_0": 0.0013309064587563313,
    "16_1": 0.011452021756893638,
    "16_10": 0.005987521417047503,
    "16_11": 0.0021631367867627205,
    "16_12": 0.004340522835160954,
    "16_13": 0.0014288787908247613,
    "16_2": 0.005365762684530928,
    "16_3": 0.00946631663600428,
    "16_4": 0.004539388201120431,
    "16_5": 0.0026508069128752254,
    "16_6": 0.003900917523477432,
    "16_7": 0.0033784011590412,
    "16_8": 0.002543127369315723,
    "16_9": 0.009047532143402037,
    "17_0": 0.001487715503684317,
    "17_10": 0.0043752177659528435,
    "17_12": 0.0020501310372580406,
    "17_13": 0.003192478619133965,
    "17_2": 0.001582070059631846,
    "17_3": 0.002428925755494138,
    "17_4": 0.002601875643412299,
    "17_5": 0.0035614845969794695,
    "17_6": 0.0027447737857931587,
    "17_7": 0.002937070498096439,
    "17_8": 0.004010146512250401,
    "17_9": 0.0032293180194546967,
    "18_0": 0.0033885148410810473,
    "18_1": 0.003777492423369111,
    "18_10": 0.001970858095297956,
    "18_11": 0.001028982631694042,
    "18_12": 0.0026298458492385324,
    "18_13": 0.0036908236009551842,
    "18_2": 0.005261669365277832,
    "18_3": 0.005490884794717488,
    "18_4": 0.000823603677735818,
    "18_5": 0.0022661953646474498,
    "18_6": 0.002551480095213776,
    "18_7": 0.003993487589198708,
    "18_8": 0.0009577047780657821,
    "18_9": 0.003027200878564784,
    "19_0": 0.0006243817467055379,
    "19_1": 0.002972251423399186,
    "19_10": 0.0016002567224868702,
    "19_12": 0.0017749796128589956,
    "19_13": 0.005270192430987919,
    "19_2": 0.008334350731991513,
    "19_3": 0.0028965816137329625,
    "19_4": 0.001488116681727547,
    "19_5": 0.0006912898775239817,
    "19_6": 0.0023142068121906334,
    "19_8": 0.004819466879958156,
    "19_9": 0.005215351300037696,
    "20_0": 0.00123314567846311,
    "20_1": 0.0015411656938653095,
    "20_10": 0.0032703942502472216,
    "20_11": 0.006403971514615137,
    "20_12": 0.0034149006668364734,
    "20_13": 0.003190652001388017,
    "20_2": 0.0007641455065448,
    "20_3": 0.0008534303405403065,
    "20_4": 0.0007953699022325011,
    "20_5": 0.0011611287512662827,
    "20_6": 0.0007508217979470544,
    "20_7": 0.003731636674417338,
    "20_8": 0.002834248438660314,
    "20_9": 0.0013895513168726836,
    "21_0": 0.0017668612679662132,
    "21_1": 0.0035980276405673806,
    "21_10": 0.0033321284814515906,
    "21_11": 0.005148893754835626,
    "21_13": 0.003390018162741981,
    "21_2": 0.002830774224790389,
    "21_3": 0.0025055762364321055,
    "21_4": 0.0026977353433537132,
    "21_5": 0.002911039359024148,
    "21_6": 0.0024056613330838417,
    "21_7": 0.004171960021573717,
    "21_8": 0.002463538482682881,
    "21_9": 0.010718428885837739,
    "22_1": 0.0009014782832084123,
    "22_10": 0.0010410338894606408,
    "22_11": 0.0011525006767310053,
    "22_12": 0.0007413763420169861,
    "22_13": 0.0014632059790073981,
    "22_2": 0.0010092098934544325,
    "22_5": 0.0007212426426495,
    "22_6": 0.0013656231039149702,
    "22_7": 0.0008270662537182005,
    "22_9": 0.0011844468816343268,
    "23_10": 0.0009711622189287894,
    "23_11": 0.00099640837748316,
    "23_13": 0.0009471019896341026,
    "23_3": 0.0005922226290993038,
    "23_7": 0.0010840262050457738,
    "23_8": 0.00132944796644896,
    "23_9": 0.0009233098776039728
  },
  "num_selected": 96,
  "retrieval_heads": [
    [
      16,
      1
    ],
    [
      21,
      9
    ],
    [
      16,
      3
    ],
    [
      16,
      9
    ],
    [
      19,
      2
    ],
    [
      20,
      11
    ],
    [
      16,
      10
    ],
    [
      18,
      3
    ],
    [
      16,
      2
    ],
    [
      19,
      13
    ],
    [
      18,
      2
    ],
    [
      19,
      9
    ],
    [
      21,
      11
    ],
    [
      19,
      8
    ],
    [
      16,
      4
    ],
    [
      17,
      10
    ],
    [
      16,
      12
    ],
    [
      21,
      7
    ],
    [
      17,
      8
    ],
    [
      18,
      7
    ],
    [
      16,
      6
    ],
    [
      18,
      1
    ],
    [
      20,
      7
    ],
    [
      18,
      13
    ],
    [
      21,
      1
    ],
    [
      17,
      5
    ],
    [
      20,
      12
    ],
    [
      21,
      13
    ],
    [
      18,
      0
    ],
    [
      16,
      7
    ],
    [
      21,
      10
    ],
    [
      20,
      10
    ],
    [
      17,
      9
    ],
    [
      17,
      13
    ],
    [
      20,
      13
    ],
    [
      18,
      9
    ],
    [
      19,
      1
    ],
    [
      17,
      7
    ],
    [
      21,
      5
    ],
    [
      19,
      3
    ],
    [
      20,
      8
    ],
    [
      21,
      2
    ],
    [
      17,
      6
    ],
    [
      21,
      4
    ],
    [
      16,
      5
    ],
    [
      18,
      12
    ],
    [
      17,
      4
    ],
    [
      18,
      6
    ],
    [
      16,
      8
    ],
    [
      21,
      3
    ],
    [
      21,
      8
    ],
    [
      17,
      3
    ],
    [
      21,
      6
    ],
    [
      19,
      6
    ],
    [
      18,
      5
    ],
    [
      16,
      11
    ],
    [
      17,
      12
    ],
    [
      18,
      10
    ],
    [
      19,
      12
    ],
    [
      21,
      0
    ],
    [
      19,
      10
    ],
    [
      17,
      2
    ],
    [
      20,
      1
    ],
    [
      19,
      4
    ],
    [
      17,
      0
    ],
    [
      22,
      13
    ],
    [
      16,
      13
    ],
    [
      20,
      9
    ],
    [
      22,
      6
    ],
    [
      16,
      0
    ],
    [
      23,
      8
    ],
    [
      20,
      0
    ],
    [
      22,
      9
    ],
    [
      20,
      5
    ],
    [
      22,
      11
    ],
    [
      23,
      7
    ],
    [
      22,
      10
    ],
    [
      18,
      11
    ],
    [
      22,
      2
    ],
    [
      23,
      11
    ],
    [
      23,
      10
    ],
    [
      18,
      8
    ],
    [
      23,
      13
    ],
    [
      23,
      9
    ],
    [
      22,
      1
    ],
    [
      20,
      3
    ],
    [
      22,
      7
    ],
    [
      18,
      4
    ],
    [
      20,
      4
    ],
    [
      20,
      2
    ],
    [
      20,
      6
    ],
    [
      22,
      12
    ],
    [
      22,
      5
    ],
    [
      19,
      5
    ],
    [
      19,
      0
    ],
    [
      23,
      3
    ]
  ],
  "selection": "top96_by_head_scores",
  "source": "hpc3-n:/data/user/xnie012/pythonprojects/lgar/runs/ablate_full_20260531_131608/ablation_results.json"
}